id,centroid_x,centroid_y,area,time
0,873,594,33075,2025-06-06_11:02:04
1,1292,841,30272,2025-06-06_11:02:04
0,873,596,31806,2025-06-06_11:04:17
0,872,596,32190,2025-06-06_11:07:29
1,1291,840,30272,2025-06-06_11:07:29
0,965,656,17176,2025-07-09_17:41:32
1,108,580,15621,2025-07-09_17:41:32
0,925,673,18532,2025-07-09_18:58:56
1,72,589,16492,2025-07-09_18:58:56
0,922,674,18704,2025-07-09_18:59:06
0,926,673,18306,2025-07-09_18:59:07
0,923,673,18871,2025-07-09_18:59:36
0,926,674,18696,2025-07-09_18:59:52
0,923,674,18704,2025-07-09_18:59:54
0,926,673,18306,2025-07-09_19:00:31
0,923,674,18480,2025-07-09_19:00:32
0,929,672,17784,2025-07-09_19:00:33
0,928,669,17136,2025-07-09_19:00:34
0,931,670,16500,2025-07-09_19:00:37
0,938,684,23564,2025-07-09_19:00:41
2,885,580,18000,2025-07-09_19:00:41
2,881,582,18688,2025-07-09_19:00:44
2,884,580,18500,2025-07-09_19:00:48
2,881,583,18816,2025-07-09_19:00:50
2,883,580,18648,2025-07-09_19:00:51
2,880,583,19630,2025-07-09_19:01:37
2,883,582,18432,2025-07-09_19:01:38
2,884,579,18796,2025-07-09_19:01:39
3,953,162,15120,2025-07-09_19:01:49
0,70,589,15851,2025-07-09_19:58:59
1,953,165,15015,2025-07-09_19:58:59
2,949,237,12136,2025-07-09_20:00:28
2,944,240,13857,2025-07-09_20:00:29
2,949,239,13950,2025-07-09_20:01:01
0,949,237,11890,2025-07-09_20:31:27
1,67,590,15372,2025-07-09_20:31:27
0,1304,525,32617,2025-07-10_14:30:26
0,1304,530,33908,2025-07-10_14:32:39
0,1304,535,34400,2025-07-10_14:36:18
0,1307,539,34542,2025-07-10_14:40:29
0,412,464,56259,2025-11-13_19:11:26
1,835,58,50076,2025-11-13_19:11:26
2,954,48,15617,2025-11-13_19:11:33
3,836,59,50150,2025-11-13_19:11:47
0,406,456,48300,2025-11-13_19:12:03
4,483,473,32390,2025-11-13_19:12:04
5,930,49,20295,2025-11-13_19:12:04
4,547,464,15300,2025-11-13_19:12:05
4,558,456,19118,2025-11-13_19:12:06
6,1003,43,10440,2025-11-13_19:12:06
4,552,464,17176,2025-11-13_19:12:07
6,997,44,9592,2025-11-13_19:12:07
4,555,460,18444,2025-11-13_19:12:10
6,1002,44,10208,2025-11-13_19:12:19
4,560,459,20320,2025-11-13_19:12:25
4,549,464,15500,2025-11-13_19:12:28
0,665,463,811300,2025-11-21_16:16:21
1,433,645,19000,2025-11-21_16:16:22
2,807,112,22984,2025-11-21_16:16:22
2,799,112,21896,2025-11-21_16:16:30
0,627,669,11232,2025-11-21_16:22:03
1,958,106,15327,2025-11-21_16:22:03
0,612,668,10920,2025-11-21_16:22:17
0,627,670,10703,2025-11-21_17:01:23
1,958,108,15327,2025-11-21_17:01:23
0,627,670,10857,2025-11-21_17:03:15
1,959,108,15458,2025-11-21_17:03:15
0,306,675,16820,2025-11-24_16:47:43
0,307,681,16352,2025-11-24_16:49:01
0,355,694,15035,2025-11-24_16:49:01
1,468,717,13578,2025-11-24_16:49:02
1,471,721,12596,2025-11-24_16:49:03
1,503,665,17270,2025-11-24_16:49:30
2,747,60,12705,2025-11-24_16:49:30
3,470,478,16758,2025-11-24_16:49:31
4,753,74,15080,2025-11-24_16:49:36
5,680,253,15552,2025-11-24_16:49:39
5,675,253,13113,2025-11-24_16:49:41
0,469,481,16891,2025-11-24_16:56:10
1,674,254,13490,2025-11-24_16:56:10
1,678,250,13912,2025-11-24_16:58:59
1,674,254,13490,2025-11-24_16:59:00
2,730,378,429319,2025-11-24_17:01:09
1,680,249,11954,2025-11-24_17:01:09
0,486,490,9646,2025-11-24_17:01:10
1,677,253,12780,2025-11-24_17:01:10
0,469,479,17160,2025-11-24_17:01:10
1,686,250,12393,2025-11-24_17:01:49
1,680,249,11455,2025-11-24_17:01:49
1,688,250,12640,2025-11-24_17:01:49
1,678,251,12816,2025-11-24_17:01:50
1,687,250,12474,2025-11-24_17:01:51
1,681,249,12008,2025-11-24_17:01:51
3,469,478,17292,2025-11-24_17:01:52
1,677,253,14356,2025-11-24_17:01:52
1,690,250,13284,2025-11-24_17:01:56
1,681,249,12008,2025-11-24_17:01:56
1,676,251,13632,2025-11-24_17:01:58
1,685,250,11850,2025-11-24_17:02:03
1,678,251,12702,2025-11-24_17:02:04
1,687,250,12960,2025-11-24_17:02:04
1,681,249,11466,2025-11-24_17:02:05
1,676,251,13113,2025-11-24_17:02:05
3,475,482,15946,2025-11-24_17:02:08
1,688,250,12879,2025-11-24_17:02:11
1,678,251,12816,2025-11-24_17:02:12
1,689,250,12960,2025-11-24_17:02:12
1,676,251,12267,2025-11-24_17:02:13
1,688,250,13041,2025-11-24_17:02:13
1,676,251,12408,2025-11-24_17:02:14
4,468,479,17292,2025-11-24_17:02:14
4,475,482,16884,2025-11-24_17:02:17
1,689,251,12800,2025-11-24_17:02:19
1,678,251,12528,2025-11-24_17:02:20
4,469,478,17556,2025-11-24_17:02:20
1,689,251,13694,2025-11-24_17:02:23
1,674,252,12972,2025-11-24_17:02:26
1,688,251,13689,2025-11-24_17:02:29
1,676,252,13348,2025-11-24_17:02:33
4,477,482,15180,2025-11-24_17:02:35
1,689,251,13040,2025-11-24_17:02:37
1,674,252,12054,2025-11-24_17:02:38
1,689,251,13944,2025-11-24_17:02:38
1,682,250,11840,2025-11-24_17:02:39
1,688,251,13530,2025-11-24_17:02:40
5,467,478,15621,2025-11-24_17:02:40
1,679,254,14304,2025-11-24_17:02:41
1,690,250,12640,2025-11-24_17:02:45
1,681,251,13590,2025-11-24_17:02:45
1,690,250,13041,2025-11-24_17:02:45
6,460,478,18000,2025-11-24_17:02:50
6,470,477,17160,2025-11-24_17:02:50
7,676,251,13206,2025-11-24_17:02:50
6,468,482,17286,2025-11-24_17:02:52
7,677,256,14308,2025-11-24_17:02:55
7,689,250,13041,2025-11-24_17:02:57
7,682,249,11771,2025-11-24_17:02:58
7,678,252,12470,2025-11-24_17:03:07
7,683,250,12320,2025-11-24_17:03:08
7,677,252,12212,2025-11-24_17:03:10
7,687,250,13041,2025-11-24_17:03:10
7,681,249,12087,2025-11-24_17:03:10
7,687,251,13040,2025-11-24_17:03:12
7,678,251,12240,2025-11-24_17:03:12
7,683,249,12008,2025-11-24_17:03:12
7,677,248,14900,2025-11-24_17:03:13
8,470,477,16512,2025-11-24_17:03:13
8,468,482,17688,2025-11-24_17:03:13
7,675,253,13020,2025-11-24_17:03:14
0,461,491,18834,2025-11-24_17:28:48
1,664,247,12600,2025-11-24_17:28:48
1,672,251,17284,2025-11-24_17:28:48
0,456,490,18995,2025-11-24_17:28:49
2,716,453,482784,2025-11-24_17:29:14
3,453,489,18796,2025-11-24_17:29:15
4,671,250,18819,2025-11-24_17:29:15
0,228,359,33830,2025-11-25_20:36:32
1,87,600,27398,2025-11-25_20:36:32
1,92,601,26796,2025-11-25_20:37:38
1,87,600,26240,2025-11-25_20:37:39
1,92,601,27744,2025-11-25_20:39:48
1,87,600,25781,2025-11-25_20:39:50
0,226,364,32238,2025-11-25_20:43:09
2,1026,663,19716,2025-11-25_20:44:32
3,1669,672,25908,2025-11-25_20:44:47
4,1555,925,25883,2025-11-25_20:44:47
5,1324,859,37810,2025-11-25_20:44:54
6,1425,610,34286,2025-11-25_20:44:54
7,1128,520,32000,2025-11-25_20:44:55
8,1236,273,22680,2025-11-25_20:44:55
9,1209,208,21840,2025-11-25_20:44:56
10,1085,458,25200,2025-11-25_20:44:56
7,1081,522,28428,2025-11-25_20:44:57
8,1194,273,21063,2025-11-25_20:44:57
8,1191,277,21204,2025-11-25_20:45:00
8,1189,284,22733,2025-11-25_20:45:26
7,1077,525,32277,2025-11-25_20:45:26
0,1189,284,22860,2025-11-25_20:48:01
1,1074,525,32562,2025-11-25_20:48:01
0,1189,285,23040,2025-11-25_20:49:19
1,1074,525,32400,2025-11-25_20:49:19
0,1188,284,23168,2025-11-25_20:52:50
1,1075,525,31916,2025-11-25_20:52:50
0,495,325,19434,2025-12-03_16:42:16
1,911,452,16274,2025-12-03_16:42:16
0,494,316,19592,2025-12-03_16:44:12
1,912,447,16583,2025-12-03_16:44:12
0,493,311,19680,2025-12-03_16:44:12
1,913,441,15741,2025-12-03_16:44:12
1,915,447,16422,2025-12-03_16:44:13
1,913,442,15900,2025-12-03_16:44:14
0,489,327,19434,2025-12-03_16:44:14
1,906,452,16524,2025-12-03_16:44:14
0,483,331,19520,2025-12-03_16:44:14
1,899,461,15444,2025-12-03_16:44:14
0,437,345,20172,2025-12-03_16:44:14
1,855,468,15200,2025-12-03_16:44:14
1,799,483,15543,2025-12-03_16:44:14
0,378,365,18876,2025-12-03_16:44:14
1,799,466,15288,2025-12-03_16:44:15
0,378,348,19398,2025-12-03_16:44:15
0,377,363,19118,2025-12-03_16:44:15
1,797,480,16072,2025-12-03_16:44:15
0,368,366,19239,2025-12-03_16:44:15
1,787,486,15617,2025-12-03_16:44:15
0,345,380,18720,2025-12-03_16:44:15
1,765,494,15035,2025-12-03_16:44:15
0,312,384,18526,2025-12-03_16:44:15
1,732,495,15132,2025-12-03_16:44:15
1,697,498,14725,2025-12-03_16:44:15
0,277,388,18564,2025-12-03_16:44:15
0,253,400,18018,2025-12-03_16:44:16
1,672,514,15800,2025-12-03_16:44:16
0,238,411,17850,2025-12-03_16:44:16
1,657,526,15040,2025-12-03_16:44:16
0,227,435,18018,2025-12-03_16:44:16
1,644,548,15072,2025-12-03_16:44:16
0,219,443,18876,2025-12-03_16:44:16
1,637,557,16014,2025-12-03_16:44:16
0,227,459,19154,2025-12-03_16:44:16
1,641,572,14287,2025-12-03_16:44:16
0,218,456,18172,2025-12-03_16:44:16
1,632,567,14136,2025-12-03_16:44:16
0,210,469,18942,2025-12-03_16:44:17
1,626,583,15811,2025-12-03_16:44:17
0,156,511,18600,2025-12-03_16:44:17
1,573,621,16480,2025-12-03_16:44:17
0,132,524,17582,2025-12-03_16:44:17
1,547,633,14601,2025-12-03_16:44:17
0,168,520,17731,2025-12-03_16:44:17
1,583,633,14628,2025-12-03_16:44:17
0,150,537,17400,2025-12-03_16:44:17
1,562,649,14787,2025-12-03_16:44:17
0,97,580,17250,2025-12-03_16:44:17
1,510,690,15965,2025-12-03_16:44:17
0,82,603,16464,2025-12-03_16:44:17
0,68,604,16166,2025-12-03_16:44:18
1,476,708,15345,2025-12-03_16:44:18
0,66,618,16632,2025-12-03_16:44:18
0,51,670,15759,2025-12-03_16:44:18
2,270,405,15675,2025-12-03_16:44:22
2,303,443,16072,2025-12-03_16:44:22
2,291,442,17100,2025-12-03_16:44:22
2,292,448,16463,2025-12-03_16:44:22
2,271,507,15936,2025-12-03_16:44:22
0,830,631,17160,2025-12-03_16:53:35
1,500,656,14151,2025-12-03_16:53:35
0,497,654,14490,2025-12-03_17:27:29
1,825,627,16800,2025-12-03_17:27:29
0,496,664,14094,2025-12-03_17:27:44
1,825,634,17205,2025-12-03_17:27:44
0,485,667,13992,2025-12-03_17:27:44
1,814,639,15347,2025-12-03_17:27:44
1,767,629,17402,2025-12-03_17:27:44
0,437,656,13816,2025-12-03_17:27:44
0,401,656,14062,2025-12-03_17:27:44
1,729,632,16416,2025-12-03_17:27:44
2,430,572,17784,2025-12-03_17:27:45
3,771,254,22188,2025-12-03_17:28:19
4,633,307,23760,2025-12-03_17:28:20
4,611,283,20460,2025-12-03_17:28:20
4,627,273,24287,2025-12-03_17:28:20
5,1196,479,8382,2025-12-03_17:28:23
6,1305,524,7412,2025-12-03_17:28:26
6,1290,511,8520,2025-12-03_17:28:26
7,1064,518,7735,2025-12-03_17:28:26
8,1290,501,12954,2025-12-03_17:28:26
8,1279,502,7420,2025-12-03_17:28:26
7,1056,510,7130,2025-12-03_17:28:26
8,1231,492,7739,2025-12-03_17:28:26
7,1003,501,6912,2025-12-03_17:28:26
8,1197,488,7881,2025-12-03_17:28:26
7,968,500,7040,2025-12-03_17:28:26
8,1187,492,8165,2025-12-03_17:28:26
7,957,503,7068,2025-12-03_17:28:26
8,1168,496,7630,2025-12-03_17:28:27
7,941,505,6344,2025-12-03_17:28:27
8,1135,503,7035,2025-12-03_17:28:27
7,913,511,6900,2025-12-03_17:28:27
7,893,518,6867,2025-12-03_17:28:27
8,1118,511,7590,2025-12-03_17:28:27
7,895,531,6820,2025-12-03_17:28:27
8,1120,522,7840,2025-12-03_17:28:27
8,1102,540,6864,2025-12-03_17:28:27
7,884,549,8733,2025-12-03_17:28:27
7,864,560,7119,2025-12-03_17:28:27
8,1088,554,7590,2025-12-03_17:28:27
7,820,556,7475,2025-12-03_17:28:27
8,1041,546,7350,2025-12-03_17:28:28
9,732,537,6912,2025-12-03_17:28:28
10,956,526,8568,2025-12-03_17:28:28
9,695,526,6649,2025-12-03_17:28:28
10,916,519,7303,2025-12-03_17:28:28
10,893,485,7004,2025-12-03_17:28:28
9,676,490,7296,2025-12-03_17:28:28
10,891,466,7455,2025-12-03_17:28:28
9,674,473,7434,2025-12-03_17:28:28
9,660,520,7056,2025-12-03_17:28:28
10,885,511,8500,2025-12-03_17:28:28
9,656,560,7686,2025-12-03_17:28:29
10,910,536,21507,2025-12-03_17:28:29
11,818,529,23010,2025-12-03_17:28:30
11,818,557,16008,2025-12-03_17:28:30
11,807,530,20020,2025-12-03_17:28:31
11,753,514,7119,2025-12-03_17:28:31
12,532,523,6741,2025-12-03_17:28:31
12,500,522,7280,2025-12-03_17:28:31
11,733,510,9916,2025-12-03_17:28:31
11,697,511,7488,2025-12-03_17:28:31
12,481,521,8568,2025-12-03_17:28:31
12,470,519,7772,2025-12-03_17:28:31
11,693,508,8118,2025-12-03_17:28:31
12,458,516,6448,2025-12-03_17:28:31
11,677,504,7811,2025-12-03_17:28:31
12,476,518,7480,2025-12-03_17:28:32
11,697,505,7140,2025-12-03_17:28:32
11,695,496,6900,2025-12-03_17:28:32
12,473,506,6976,2025-12-03_17:28:32
11,692,509,7208,2025-12-03_17:28:32
12,469,519,6741,2025-12-03_17:28:32
12,485,502,7232,2025-12-03_17:28:33
11,709,491,7616,2025-12-03_17:28:33
12,485,522,6634,2025-12-03_17:28:33
11,706,513,7140,2025-12-03_17:28:33
12,489,542,5916,2025-12-03_17:28:33
11,711,533,7560,2025-12-03_17:28:33
11,708,529,7004,2025-12-03_17:28:33
11,716,512,7128,2025-12-03_17:28:33
12,495,522,6552,2025-12-03_17:28:33
12,485,505,6572,2025-12-03_17:28:33
11,705,496,7313,2025-12-03_17:28:33
12,477,505,7085,2025-12-03_17:28:34
11,698,496,7272,2025-12-03_17:28:34
11,696,483,6936,2025-12-03_17:28:34
12,474,490,7215,2025-12-03_17:28:34
11,654,486,7070,2025-12-03_17:28:34
12,435,493,6758,2025-12-03_17:28:34
11,631,469,7171,2025-12-03_17:28:34
12,410,481,7370,2025-12-03_17:28:34
11,626,469,6800,2025-12-03_17:28:34
12,405,479,6976,2025-12-03_17:28:34
12,393,467,6552,2025-12-03_17:28:34
11,617,454,7140,2025-12-03_17:28:34
12,375,470,6804,2025-12-03_17:28:34
11,600,461,7029,2025-12-03_17:28:34
11,605,454,7384,2025-12-03_17:28:35
12,392,464,6784,2025-12-03_17:28:35
11,620,453,7242,2025-12-03_17:28:35
12,398,466,6758,2025-12-03_17:28:35
12,403,484,7571,2025-12-03_17:28:35
11,627,472,6969,2025-12-03_17:28:35
12,441,491,7788,2025-12-03_17:28:35
11,663,484,7630,2025-12-03_17:28:35
12,452,489,6510,2025-12-03_17:28:36
11,679,482,6700,2025-12-03_17:28:36
11,691,486,6700,2025-12-03_17:28:36
12,471,491,6930,2025-12-03_17:28:36
12,471,499,7006,2025-12-03_17:28:36
12,470,490,6912,2025-12-03_17:28:36
12,483,480,7524,2025-12-03_17:28:36
11,704,470,7038,2025-12-03_17:28:36
12,488,469,6678,2025-12-03_17:28:36
11,710,462,7350,2025-12-03_17:28:36
12,486,487,6678,2025-12-03_17:28:36
11,709,480,7632,2025-12-03_17:28:36
12,483,472,6976,2025-12-03_17:28:37
11,705,464,7455,2025-12-03_17:28:37
12,487,483,6678,2025-12-03_17:28:37
11,710,473,6969,2025-12-03_17:28:37
12,482,486,7215,2025-12-03_17:28:38
12,461,472,6615,2025-12-03_17:28:38
11,686,463,7344,2025-12-03_17:28:38
12,454,469,6572,2025-12-03_17:28:38
11,678,457,7488,2025-12-03_17:28:38
12,450,455,6804,2025-12-03_17:28:38
11,676,449,6936,2025-12-03_17:28:38
12,429,462,6867,2025-12-03_17:28:38
11,656,453,6700,2025-12-03_17:28:38
12,427,456,6572,2025-12-03_17:28:39
11,661,447,7504,2025-12-03_17:28:39
11,661,452,6678,2025-12-03_17:28:39
12,425,482,6696,2025-12-03_17:28:39
11,653,471,7072,2025-12-03_17:28:39
12,434,488,6572,2025-12-03_17:28:39
11,663,478,6901,2025-12-03_17:28:39
12,373,466,6976,2025-12-03_17:28:39
11,602,453,7455,2025-12-03_17:28:39
12,357,463,6955,2025-12-03_17:28:40
11,582,453,7000,2025-12-03_17:28:40
11,586,465,7560,2025-12-03_17:28:40
12,362,474,6572,2025-12-03_17:28:40
12,353,482,6678,2025-12-03_17:28:40
11,574,472,7140,2025-12-03_17:28:40
11,591,478,7140,2025-12-03_17:28:40
12,369,486,6741,2025-12-03_17:28:40
11,592,472,7140,2025-12-03_17:28:41
12,372,482,6804,2025-12-03_17:28:41
11,622,474,7245,2025-12-03_17:28:41
12,399,485,6848,2025-12-03_17:28:41
12,421,492,6634,2025-12-03_17:28:41
11,645,485,6767,2025-12-03_17:28:41
12,418,501,6848,2025-12-03_17:28:41
11,641,493,7416,2025-12-03_17:28:41
11,644,489,7210,2025-12-03_17:28:41
12,420,489,7085,2025-12-03_17:28:41
11,647,482,6901,2025-12-03_17:28:41
11,663,472,6969,2025-12-03_17:28:41
12,440,483,7480,2025-12-03_17:28:42
11,661,467,7416,2025-12-03_17:28:42
12,439,474,6588,2025-12-03_17:28:42
12,489,449,6771,2025-12-03_17:28:42
13,726,439,7875,2025-12-03_17:28:42
12,525,456,6480,2025-12-03_17:28:42
13,761,452,7986,2025-12-03_17:28:42
14,774,452,11840,2025-12-03_17:28:42
12,518,476,6667,2025-12-03_17:28:42
13,747,469,8395,2025-12-03_17:28:42
13,729,494,7140,2025-12-03_17:28:42
12,505,502,6930,2025-12-03_17:28:42
12,510,477,7056,2025-12-03_17:28:43
13,733,469,6969,2025-12-03_17:28:43
12,525,483,7150,2025-12-03_17:28:43
13,749,473,7452,2025-12-03_17:28:43
13,756,490,7276,2025-12-03_17:28:43
12,532,498,6993,2025-12-03_17:28:43
12,579,497,7935,2025-12-03_17:28:43
13,801,489,7700,2025-12-03_17:28:43
12,580,511,7839,2025-12-03_17:28:43
13,799,503,7455,2025-12-03_17:28:43
12,578,502,7571,2025-12-03_17:28:44
13,799,495,7344,2025-12-03_17:28:44
12,582,492,7920,2025-12-03_17:28:44
13,797,487,7739,2025-12-03_17:28:44
12,595,492,6572,2025-12-03_17:28:44
13,814,487,7102,2025-12-03_17:28:44
13,821,479,7326,2025-12-03_17:28:44
12,607,486,8763,2025-12-03_17:28:44
13,826,482,7772,2025-12-03_17:28:44
12,623,486,6572,2025-12-03_17:28:44
13,842,479,7245,2025-12-03_17:28:44
12,654,490,7670,2025-12-03_17:28:45
13,875,485,7314,2025-12-03_17:28:45
12,597,479,7458,2025-12-03_17:28:45
13,819,470,8424,2025-12-03_17:28:45
13,831,486,9144,2025-12-03_17:28:45
12,613,491,7874,2025-12-03_17:28:45
12,595,460,6758,2025-12-03_17:28:45
13,814,454,7020,2025-12-03_17:28:45
13,776,481,21720,2025-12-03_17:28:45
12,591,483,8174,2025-12-03_17:28:46
13,815,492,7370,2025-12-03_17:28:46
12,594,506,6600,2025-12-03_17:28:46
12,594,516,7192,2025-12-03_17:28:46
12,584,512,7875,2025-12-03_17:28:47
13,797,502,6848,2025-12-03_17:28:47
12,589,510,6960,2025-12-03_17:28:47
13,803,497,6890,2025-12-03_17:28:47
12,609,508,7440,2025-12-03_17:28:47
13,818,495,7345,2025-12-03_17:28:47
12,623,518,8509,2025-12-03_17:28:47
15,640,386,437325,2025-12-03_17:28:47
12,651,510,7808,2025-12-03_17:28:48
13,866,500,6890,2025-12-03_17:28:48
12,689,484,7502,2025-12-03_17:28:48
13,912,472,7788,2025-12-03_17:28:48
12,719,487,7854,2025-12-03_17:28:48
13,945,476,8784,2025-12-03_17:28:48
16,950,469,13205,2025-12-03_17:28:48
12,723,523,7360,2025-12-03_17:28:48
13,948,514,8174,2025-12-03_17:28:48
13,933,552,7128,2025-12-03_17:28:48
12,721,556,8710,2025-12-03_17:28:48
12,728,579,6960,2025-12-03_17:28:48
13,943,568,7345,2025-12-03_17:28:48
13,935,574,7168,2025-12-03_17:28:48
12,722,585,9159,2025-12-03_17:28:48
13,933,585,7973,2025-12-03_17:28:48
13,923,588,8330,2025-12-03_17:28:49
13,918,589,8432,2025-12-03_17:28:49
13,901,592,7119,2025-12-03_17:28:49
13,900,598,7020,2025-12-03_17:28:49
13,907,597,7360,2025-12-03_17:28:49
13,919,589,8500,2025-12-03_17:28:50
13,917,573,7623,2025-12-03_17:28:50
13,923,561,7616,2025-12-03_17:28:50
12,741,568,15440,2025-12-03_17:28:50
12,706,549,7875,2025-12-03_17:28:50
12,696,549,7076,2025-12-03_17:28:50
13,920,538,8976,2025-12-03_17:28:50
12,691,553,9380,2025-12-03_17:28:50
13,904,541,8256,2025-12-03_17:28:50
17,678,299,795056,2025-12-03_17:28:51
18,589,504,8450,2025-12-03_17:28:51
19,1274,692,22230,2025-12-03_17:28:52
12,747,592,21546,2025-12-03_17:28:52
20,721,710,17304,2025-12-03_17:28:53
12,758,620,17888,2025-12-03_17:28:53
12,763,635,19186,2025-12-03_17:28:53
12,734,616,21809,2025-12-03_17:28:54
12,676,596,17388,2025-12-03_17:28:54
21,382,585,6771,2025-12-03_17:28:54
22,605,573,7412,2025-12-03_17:28:54
21,324,589,6825,2025-12-03_17:28:54
22,546,578,7070,2025-12-03_17:28:54
22,490,586,7245,2025-12-03_17:28:54
21,269,594,7182,2025-12-03_17:28:54
21,253,591,6848,2025-12-03_17:28:55
22,479,578,7000,2025-12-03_17:28:55
21,242,572,7104,2025-12-03_17:28:55
22,480,559,9768,2025-12-03_17:28:55
21,207,559,7590,2025-12-03_17:28:55
22,453,553,10512,2025-12-03_17:28:55
23,441,555,7232,2025-12-03_17:28:55
21,192,560,7254,2025-12-03_17:28:55
23,437,532,17040,2025-12-03_17:28:55
22,436,550,11840,2025-12-03_17:28:55
23,409,536,12441,2025-12-03_17:28:55
24,92,330,10956,2025-12-03_17:28:56
25,85,298,23667,2025-12-03_17:28:56
26,90,319,16819,2025-12-03_17:28:56
24,134,352,8176,2025-12-03_17:28:56
24,130,358,16125,2025-12-03_17:28:56
27,128,379,9796,2025-12-03_17:28:56
26,80,362,8550,2025-12-03_17:28:57
25,76,334,16851,2025-12-03_17:28:57
28,572,371,556470,2025-12-03_17:28:57
29,547,135,44958,2025-12-03_17:28:58
30,747,459,53760,2025-12-03_17:29:02
30,771,443,55970,2025-12-03_17:29:03
30,832,423,53599,2025-12-03_17:29:04
30,848,431,49790,2025-12-03_17:29:04
31,672,344,814464,2025-12-03_17:29:05
31,679,331,801220,2025-12-03_17:29:07
31,676,350,785512,2025-12-03_17:29:07
31,677,317,664814,2025-12-03_17:29:07
32,888,599,54180,2025-12-03_17:29:07
31,674,347,766232,2025-12-03_17:29:08
31,671,342,770882,2025-12-03_17:29:08
31,674,348,766232,2025-12-03_17:29:08
33,904,377,74240,2025-12-03_17:29:08
34,422,215,58947,2025-12-03_17:29:09
35,312,215,9028,2025-12-03_17:29:09
36,535,194,17500,2025-12-03_17:29:09
35,321,252,10336,2025-12-03_17:29:09
34,385,247,7062,2025-12-03_17:29:09
37,608,252,6666,2025-12-03_17:29:09
34,388,179,7952,2025-12-03_17:29:09
37,611,183,7560,2025-12-03_17:29:09
34,389,184,7480,2025-12-03_17:29:09
37,612,193,7776,2025-12-03_17:29:09
34,417,245,8614,2025-12-03_17:29:10
38,541,313,9375,2025-12-03_17:29:10
38,557,329,9672,2025-12-03_17:29:10
39,556,332,13905,2025-12-03_17:29:10
38,592,340,8700,2025-12-03_17:29:10
40,674,259,484560,2025-12-03_17:29:10
40,674,237,463368,2025-12-03_17:29:11
38,620,380,10287,2025-12-03_17:29:11
38,641,404,7684,2025-12-03_17:29:11
38,690,450,10591,2025-12-03_17:29:12
41,690,455,7260,2025-12-03_17:29:12
42,684,557,9675,2025-12-03_17:29:12
42,689,516,8850,2025-12-03_17:29:12
42,652,489,10087,2025-12-03_17:29:12
42,680,503,8050,2025-12-03_17:29:13
42,697,511,6890,2025-12-03_17:29:13
42,703,527,8906,2025-12-03_17:29:13
42,765,530,8004,2025-12-03_17:29:14
42,783,513,10668,2025-12-03_17:29:14
43,900,591,8330,2025-12-03_17:29:14
43,887,632,8925,2025-12-03_17:29:14
43,872,640,6380,2025-12-03_17:29:15
43,851,613,10560,2025-12-03_17:29:15
44,768,603,7980,2025-12-03_17:29:15
44,729,574,6656,2025-12-03_17:29:15
44,688,550,8640,2025-12-03_17:29:15
45,481,174,330252,2025-12-03_17:29:15
46,733,364,7840,2025-12-03_17:29:16
46,758,381,7770,2025-12-03_17:29:16
47,817,261,8700,2025-12-03_17:29:16
48,1037,267,7140,2025-12-03_17:29:16
49,1036,255,10573,2025-12-03_17:29:16
47,802,259,7704,2025-12-03_17:29:16
48,1023,265,6798,2025-12-03_17:29:16
47,767,248,7176,2025-12-03_17:29:17
48,991,253,7980,2025-12-03_17:29:17
47,801,252,7102,2025-12-03_17:29:17
49,1021,261,6360,2025-12-03_17:29:17
50,886,280,52007,2025-12-03_17:29:18
50,917,305,47916,2025-12-03_17:29:18
51,678,339,830484,2025-12-03_17:29:36
52,1105,554,21543,2025-12-03_17:30:05
52,1152,549,19642,2025-12-03_17:30:05
52,1101,527,21672,2025-12-03_17:30:05
53,790,583,13659,2025-12-03_17:30:05
52,1125,559,21801,2025-12-03_17:30:06
53,806,621,18921,2025-12-03_17:30:06
52,1138,552,21717,2025-12-03_17:30:06
53,822,604,12320,2025-12-03_17:30:06
52,1137,546,18860,2025-12-03_17:30:06
53,823,598,12560,2025-12-03_17:30:06
52,1114,549,18960,2025-12-03_17:30:07
53,797,599,11613,2025-12-03_17:30:07
54,797,609,16912,2025-12-03_17:30:07
52,1091,549,17515,2025-12-03_17:30:07
53,779,595,12393,2025-12-03_17:30:07
52,1085,537,19539,2025-12-03_17:30:07
52,1032,519,21279,2025-12-03_17:30:07
52,1009,491,21877,2025-12-03_17:30:07
55,691,537,11627,2025-12-03_17:30:07
56,692,546,16740,2025-12-03_17:30:07
55,704,520,14268,2025-12-03_17:30:07
52,1013,472,18468,2025-12-03_17:30:07
52,1032,461,21420,2025-12-03_17:30:07
52,1024,463,20049,2025-12-03_17:30:08
55,708,515,17595,2025-12-03_17:30:08
55,721,516,13485,2025-12-03_17:30:08
55,738,518,17741,2025-12-03_17:30:08
55,744,524,17135,2025-12-03_17:30:08
52,1058,478,18445,2025-12-03_17:30:08
55,761,526,17442,2025-12-03_17:30:09
52,1079,479,19844,2025-12-03_17:30:09
57,760,521,12080,2025-12-03_17:30:09
52,1094,493,18880,2025-12-03_17:30:09
55,760,531,11700,2025-12-03_17:30:09
52,1080,491,19840,2025-12-03_17:30:09
55,753,538,12324,2025-12-03_17:30:09
57,747,546,16539,2025-12-03_17:30:09
55,756,534,12240,2025-12-03_17:30:09
52,1087,491,19680,2025-12-03_17:30:10
55,802,545,17784,2025-12-03_17:30:10
57,804,539,13366,2025-12-03_17:30:10
52,1091,508,16050,2025-12-03_17:30:10
55,776,559,17214,2025-12-03_17:30:10
52,1106,501,18696,2025-12-03_17:30:10
57,808,544,17360,2025-12-03_17:30:10
52,1123,498,17160,2025-12-03_17:30:10
52,1130,488,18910,2025-12-03_17:30:10
57,811,531,12720,2025-12-03_17:30:10
52,1124,483,17696,2025-12-03_17:30:11
52,1155,483,18054,2025-12-03_17:30:11
57,840,527,14529,2025-12-03_17:30:11
52,1169,482,17632,2025-12-03_17:30:11
57,850,527,12382,2025-12-03_17:30:11
52,1154,500,17248,2025-12-03_17:30:11
57,838,549,14276,2025-12-03_17:30:11
57,843,552,14276,2025-12-03_17:30:11
52,1153,517,16761,2025-12-03_17:30:12
57,830,561,11929,2025-12-03_17:30:12
52,1162,488,16758,2025-12-03_17:30:12
57,845,529,12166,2025-12-03_17:30:12
52,1173,475,17113,2025-12-03_17:30:12
57,856,517,12717,2025-12-03_17:30:12
52,1202,483,17595,2025-12-03_17:30:12
57,881,530,16428,2025-12-03_17:30:12
52,1188,490,16800,2025-12-03_17:30:12
57,867,530,10434,2025-12-03_17:30:12
52,1183,501,16799,2025-12-03_17:30:12
57,864,544,11856,2025-12-03_17:30:12
52,1186,513,16786,2025-12-03_17:30:13
57,865,560,15855,2025-12-03_17:30:13
52,1188,519,16308,2025-12-03_17:30:13
52,1187,512,15750,2025-12-03_17:30:13
57,869,554,11929,2025-12-03_17:30:13
52,1190,516,15900,2025-12-03_17:30:13
57,874,558,13202,2025-12-03_17:30:13
52,1171,515,15582,2025-12-03_17:30:13
57,850,560,13870,2025-12-03_17:30:13
52,1137,502,15496,2025-12-03_17:30:13
57,820,537,12245,2025-12-03_17:30:13
52,1142,502,16016,2025-12-03_17:30:13
58,820,545,15768,2025-12-03_17:30:13
52,1147,502,16692,2025-12-03_17:30:14
57,827,537,11704,2025-12-03_17:30:14
57,831,541,11476,2025-12-03_17:30:14
52,1155,500,15553,2025-12-03_17:30:14
57,842,534,12798,2025-12-03_17:30:14
52,1191,491,15900,2025-12-03_17:30:14
57,872,530,13038,2025-12-03_17:30:14
52,1191,484,15984,2025-12-03_17:30:14
52,1192,492,16830,2025-12-03_17:30:14
52,1198,496,16416,2025-12-03_17:30:15
57,876,533,12089,2025-12-03_17:30:15
52,1187,501,15244,2025-12-03_17:30:15
57,867,540,11096,2025-12-03_17:30:15
57,870,547,13005,2025-12-03_17:30:15
52,1195,505,14586,2025-12-03_17:30:15
57,874,552,14157,2025-12-03_17:30:15
57,879,552,14746,2025-12-03_17:30:15
57,874,533,12246,2025-12-03_17:30:15
52,1195,498,16112,2025-12-03_17:30:15
52,1223,495,17024,2025-12-03_17:30:16
57,901,533,12166,2025-12-03_17:30:16
52,1219,511,16848,2025-12-03_17:30:16
57,890,556,13261,2025-12-03_17:30:16
52,1231,501,16206,2025-12-03_17:30:16
57,913,541,12560,2025-12-03_17:30:16
52,1250,505,15645,2025-12-03_17:30:16
57,925,545,11622,2025-12-03_17:30:16
52,1257,500,15540,2025-12-03_17:30:17
57,936,537,11934,2025-12-03_17:30:17
52,1232,498,16611,2025-12-03_17:30:17
57,911,536,12482,2025-12-03_17:30:17
52,1237,494,16240,2025-12-03_17:30:17
57,916,534,11934,2025-12-03_17:30:17
57,914,529,11771,2025-12-03_17:30:17
57,949,531,11778,2025-12-03_17:30:18
52,1272,490,17710,2025-12-03_17:30:18
52,1259,514,15914,2025-12-03_17:30:18
57,937,557,13950,2025-12-03_17:30:18
57,921,556,12080,2025-12-03_17:30:18
52,1244,514,14976,2025-12-03_17:30:18
52,1250,517,15836,2025-12-03_17:30:18
57,927,557,12087,2025-12-03_17:30:18
57,920,554,11920,2025-12-03_17:30:18
52,1242,512,15476,2025-12-03_17:30:18
52,1241,505,15515,2025-12-03_17:30:19
57,917,544,12118,2025-12-03_17:30:19
52,1217,505,16585,2025-12-03_17:30:19
57,889,544,12069,2025-12-03_17:30:19
52,1180,501,17172,2025-12-03_17:30:19
57,854,536,12160,2025-12-03_17:30:19
57,827,527,11840,2025-12-03_17:30:19
52,1154,493,16280,2025-12-03_17:30:19
52,1122,480,17427,2025-12-03_17:30:19
57,791,512,12555,2025-12-03_17:30:19
59,1053,438,15540,2025-12-03_17:30:19
60,727,470,13050,2025-12-03_17:30:19
59,1018,403,18256,2025-12-03_17:30:19
60,687,435,14694,2025-12-03_17:30:19
61,548,370,329100,2025-12-03_17:30:19
62,572,297,275317,2025-12-03_17:30:20
62,603,312,14014,2025-12-03_17:30:20
63,928,288,17696,2025-12-03_17:30:20
62,617,327,12546,2025-12-03_17:30:20
63,944,303,16112,2025-12-03_17:30:20
63,991,333,15049,2025-12-03_17:30:20
62,666,358,12699,2025-12-03_17:30:20
60,712,406,16960,2025-12-03_17:30:21
59,1051,399,29726,2025-12-03_17:30:21
64,1080,404,43076,2025-12-03_17:30:21
59,1059,397,17710,2025-12-03_17:30:21
60,733,423,15655,2025-12-03_17:30:21
52,1101,446,27360,2025-12-03_17:30:21
60,769,461,19278,2025-12-03_17:30:21
52,1117,436,17066,2025-12-03_17:30:21
60,789,462,12480,2025-12-03_17:30:21
52,1152,466,23430,2025-12-03_17:30:21
60,817,483,16830,2025-12-03_17:30:21
65,1189,480,45360,2025-12-03_17:30:21
52,1154,460,16677,2025-12-03_17:30:22
60,825,489,15251,2025-12-03_17:30:22
60,818,513,12432,2025-12-03_17:30:22
52,1145,485,15080,2025-12-03_17:30:22
52,1089,510,14500,2025-12-03_17:30:22
60,765,539,13559,2025-12-03_17:30:22
60,749,538,11907,2025-12-03_17:30:22
52,1079,511,15855,2025-12-03_17:30:22
52,1059,514,14586,2025-12-03_17:30:22
60,735,545,12936,2025-12-03_17:30:22
60,723,551,12231,2025-12-03_17:30:22
52,1050,525,14308,2025-12-03_17:30:22
60,720,555,13528,2025-12-03_17:30:23
52,1038,528,16478,2025-12-03_17:30:23
60,712,557,13764,2025-12-03_17:30:23
52,1043,536,15288,2025-12-03_17:30:23
52,1037,563,15912,2025-12-03_17:30:23
60,711,589,12936,2025-12-03_17:30:23
60,704,620,17334,2025-12-03_17:30:24
52,1025,596,16695,2025-12-03_17:30:24
52,1003,560,19188,2025-12-03_17:30:24
66,497,501,12792,2025-12-03_17:30:24
67,823,470,15096,2025-12-03_17:30:24
67,785,497,15808,2025-12-03_17:30:25
66,457,532,14168,2025-12-03_17:30:25
68,331,537,14664,2025-12-03_17:30:25
69,659,489,18810,2025-12-03_17:30:25
68,295,499,15326,2025-12-03_17:30:25
69,623,451,19680,2025-12-03_17:30:25
68,270,456,18080,2025-12-03_17:30:25
69,598,402,16905,2025-12-03_17:30:25
70,216,398,15134,2025-12-03_17:30:25
71,535,341,17898,2025-12-03_17:30:25
70,254,369,16000,2025-12-03_17:30:26
71,575,307,18212,2025-12-03_17:30:26
68,226,452,17010,2025-12-03_17:30:26
69,543,387,18750,2025-12-03_17:30:26
72,211,586,14915,2025-12-03_17:30:26
73,532,528,17082,2025-12-03_17:30:26
73,535,532,17328,2025-12-03_17:30:28
72,214,591,14946,2025-12-03_17:30:28
72,219,589,16038,2025-12-03_17:30:29
73,585,503,17400,2025-12-03_17:30:29
72,267,571,13923,2025-12-03_17:30:29
73,590,508,15904,2025-12-03_17:30:29
72,271,574,14168,2025-12-03_17:30:29
73,592,518,18000,2025-12-03_17:30:29
72,273,585,13311,2025-12-03_17:30:29
73,587,521,17199,2025-12-03_17:30:29
73,594,522,17812,2025-12-03_17:30:30
73,634,509,18126,2025-12-03_17:30:30
72,313,568,12400,2025-12-03_17:30:30
73,689,513,17168,2025-12-03_17:30:30
72,369,571,13288,2025-12-03_17:30:30
72,364,573,14415,2025-12-03_17:30:31
73,684,517,18942,2025-12-03_17:30:31
72,420,532,13608,2025-12-03_17:30:31
74,750,486,22704,2025-12-03_17:30:31
75,824,512,18370,2025-12-03_17:30:31
76,501,557,17098,2025-12-03_17:30:31
76,505,554,12994,2025-12-03_17:30:32
75,820,517,16390,2025-12-03_17:30:33
76,499,562,14820,2025-12-03_17:30:33
76,518,547,14601,2025-12-03_17:30:33
75,845,507,18012,2025-12-03_17:30:33
75,841,469,17013,2025-12-03_17:30:33
76,514,498,12782,2025-12-03_17:30:33
76,523,482,18792,2025-12-03_17:30:33
75,853,448,19873,2025-12-03_17:30:33
76,534,444,15147,2025-12-03_17:30:33
75,864,408,21590,2025-12-03_17:30:33
76,570,384,14688,2025-12-03_17:30:33
75,892,360,17825,2025-12-03_17:30:33
76,585,382,14536,2025-12-03_17:30:34
75,910,360,16065,2025-12-03_17:30:34
76,595,335,17549,2025-12-03_17:30:34
75,921,317,18644,2025-12-03_17:30:34
77,688,309,14508,2025-12-03_17:30:34
78,1012,299,15504,2025-12-03_17:30:34
78,1026,342,20160,2025-12-03_17:30:34
77,699,356,21156,2025-12-03_17:30:34
78,1043,400,18426,2025-12-03_17:30:34
77,723,416,21901,2025-12-03_17:30:34
79,715,411,15272,2025-12-03_17:30:34
77,739,438,14100,2025-12-03_17:30:34
78,1060,426,16050,2025-12-03_17:30:34
77,750,443,15912,2025-12-03_17:30:37
78,1076,433,14600,2025-12-03_17:30:37
77,741,438,13410,2025-12-03_17:30:37
78,1064,425,16585,2025-12-03_17:30:37
77,727,431,13818,2025-12-03_17:30:37
78,1051,415,14948,2025-12-03_17:30:37
78,1037,419,14790,2025-12-03_17:30:37
77,713,435,13800,2025-12-03_17:30:37
77,709,439,14602,2025-12-03_17:30:37
78,1034,427,16677,2025-12-03_17:30:37
78,1031,443,14847,2025-12-03_17:30:37
77,709,457,14112,2025-12-03_17:30:37
77,716,477,15554,2025-12-03_17:30:37
78,1039,462,16157,2025-12-03_17:30:37
77,705,477,15400,2025-12-03_17:30:37
78,1028,460,16390,2025-12-03_17:30:37
77,707,502,13320,2025-12-03_17:30:38
78,1029,484,14892,2025-12-03_17:30:38
77,712,507,15300,2025-12-03_17:30:38
78,1037,489,15096,2025-12-03_17:30:38
77,717,510,14136,2025-12-03_17:30:38
78,1043,497,15704,2025-12-03_17:30:38
77,702,514,14852,2025-12-03_17:30:38
78,1022,501,14688,2025-12-03_17:30:38
78,1010,490,15402,2025-12-03_17:30:39
77,684,507,15035,2025-12-03_17:30:39
78,1009,507,15645,2025-12-03_17:30:39
77,684,526,12768,2025-12-03_17:30:39
78,999,514,14256,2025-12-03_17:30:39
77,675,538,15048,2025-12-03_17:30:39
80,670,420,17066,2025-12-03_17:30:39
81,993,393,17113,2025-12-03_17:30:39
80,720,419,14136,2025-12-03_17:30:39
81,1045,385,15582,2025-12-03_17:30:39
80,742,402,18419,2025-12-03_17:30:39
81,1066,358,20618,2025-12-03_17:30:39
82,1094,363,35649,2025-12-03_17:30:39
83,1159,357,55692,2025-12-03_17:30:39
84,787,308,19722,2025-12-03_17:30:40
85,1114,268,19890,2025-12-03_17:30:40
84,762,275,18400,2025-12-03_17:30:40
85,1087,233,16416,2025-12-03_17:30:40
84,765,280,16116,2025-12-03_17:30:40
84,748,276,14535,2025-12-03_17:30:40
85,1071,237,17094,2025-12-03_17:30:40
84,748,271,15048,2025-12-03_17:30:40
81,1074,331,25200,2025-12-03_17:30:41
80,740,370,22057,2025-12-03_17:30:41
80,742,411,14744,2025-12-03_17:30:41
82,1064,383,15836,2025-12-03_17:30:41
82,1056,400,14872,2025-12-03_17:30:41
80,734,430,15423,2025-12-03_17:30:41
81,1073,315,19800,2025-12-03_17:30:41
85,1082,238,17920,2025-12-03_17:30:41
84,753,272,16848,2025-12-03_17:30:41
81,1079,294,16006,2025-12-03_17:30:42
84,750,317,14345,2025-12-03_17:30:42
84,759,294,18745,2025-12-03_17:30:42
85,1088,263,17172,2025-12-03_17:30:42
84,758,280,15655,2025-12-03_17:30:42
85,1085,256,16500,2025-12-03_17:30:42
85,1095,243,15960,2025-12-03_17:30:42
84,775,267,13984,2025-12-03_17:30:42
86,495,107,16686,2025-12-03_17:30:42
87,814,70,16240,2025-12-03_17:30:42
86,527,108,19152,2025-12-03_17:30:42
87,848,61,17278,2025-12-03_17:30:42
87,849,86,17168,2025-12-03_17:30:43
86,532,131,16744,2025-12-03_17:30:43
88,852,100,24648,2025-12-03_17:30:43
86,542,161,16328,2025-12-03_17:30:43
88,865,112,18392,2025-12-03_17:30:43
86,551,194,14758,2025-12-03_17:30:43
88,876,148,18910,2025-12-03_17:30:43
86,544,217,15246,2025-12-03_17:30:43
88,864,173,17328,2025-12-03_17:30:43
88,853,239,17582,2025-12-03_17:30:43
86,537,279,14976,2025-12-03_17:30:43
86,533,282,15190,2025-12-03_17:30:43
88,856,247,18848,2025-12-03_17:30:44
88,872,233,19264,2025-12-03_17:30:44
86,546,274,14973,2025-12-03_17:30:44
89,471,257,20570,2025-12-03_17:30:44
90,762,49,13442,2025-12-03_17:30:44
91,459,80,14344,2025-12-03_17:30:44
91,485,104,15552,2025-12-03_17:30:44
90,795,73,15876,2025-12-03_17:30:44
90,814,128,24820,2025-12-03_17:30:45
89,480,268,28968,2025-12-03_17:30:45
92,792,241,26718,2025-12-03_17:30:45
92,808,230,26163,2025-12-03_17:30:45
89,478,245,17982,2025-12-03_17:30:45
93,320,633,172160,2025-12-03_17:30:45
92,795,269,15950,2025-12-03_17:30:45
89,474,293,13261,2025-12-03_17:30:45
89,474,299,13857,2025-12-03_17:30:45
92,796,274,16095,2025-12-03_17:30:47
0,593,317,13802,2025-12-03_19:48:18
0,607,316,13760,2025-12-03_19:48:18
1,280,300,13529,2025-12-03_19:48:18
0,600,311,13432,2025-12-03_19:48:18
1,273,300,13965,2025-12-03_19:48:18
1,278,301,15048,2025-12-03_19:48:18
0,337,588,12496,2025-12-09_15:46:15
1,662,606,12727,2025-12-09_15:46:15
0,257,539,12330,2025-12-09_19:24:26
1,580,584,12096,2025-12-09_19:24:26
2,539,153,309456,2025-12-09_19:24:26
2,533,147,291755,2025-12-09_19:24:27
2,545,151,303303,2025-12-09_19:24:27
2,539,144,283798,2025-12-09_19:24:27
2,557,151,289668,2025-12-09_19:24:27
2,527,144,292608,2025-12-09_19:24:28
2,551,141,254700,2025-12-09_19:24:31
2,543,143,268919,2025-12-09_19:24:32
2,551,142,276450,2025-12-09_19:24:32
2,537,145,291291,2025-12-09_19:24:33
0,199,648,15876,2025-12-10_16:32:10
1,57,663,15048,2025-12-10_16:32:10
0,199,647,15768,2025-12-10_16:40:09
1,56,663,14672,2025-12-10_16:40:09
0,148,640,15244,2025-12-10_16:40:21
1,32,655,9280,2025-12-10_16:40:21
0,130,638,16200,2025-12-10_16:40:22
1,22,678,5130,2025-12-10_16:40:22
0,169,634,15552,2025-12-10_16:40:22
1,45,639,13860,2025-12-10_16:40:22
0,177,641,16383,2025-12-10_16:40:22
2,321,626,16371,2025-12-10_16:40:22
2,287,644,18415,2025-12-10_16:40:22
3,390,633,28792,2025-12-10_16:40:22
4,428,631,17982,2025-12-10_16:40:22
5,362,639,43146,2025-12-10_16:40:22
5,339,646,16900,2025-12-10_16:40:22
4,482,636,16065,2025-12-10_16:40:22
5,334,647,16510,2025-12-10_16:40:23
4,477,637,15704,2025-12-10_16:40:28
5,329,646,16768,2025-12-10_16:42:35
4,473,640,14688,2025-12-10_16:42:35
5,325,650,16510,2025-12-10_16:42:35
4,452,647,16264,2025-12-10_16:42:35
5,309,656,17820,2025-12-10_16:42:35
4,434,649,15600,2025-12-10_16:42:36
5,288,658,16383,2025-12-10_16:42:36
4,445,646,16264,2025-12-10_16:42:36
5,296,658,16128,2025-12-10_16:42:36
6,427,650,23246,2025-12-10_16:42:43
7,420,650,25016,2025-12-10_16:42:45
8,423,650,24308,2025-12-10_16:42:48
9,422,650,24544,2025-12-10_16:42:51
10,414,649,26537,2025-12-10_16:42:53
11,425,649,23283,2025-12-10_16:43:01
12,423,650,24426,2025-12-10_16:43:03
12,417,650,25606,2025-12-10_16:43:04
12,424,649,23751,2025-12-10_16:43:04
13,424,650,23836,2025-12-10_16:43:07
14,425,650,23954,2025-12-10_16:43:08
14,417,650,25606,2025-12-10_16:43:10
14,425,649,23954,2025-12-10_16:43:11
15,426,650,23200,2025-12-10_16:43:14
15,415,650,26196,2025-12-10_16:43:15
15,424,650,23954,2025-12-10_16:43:15
16,428,649,23166,2025-12-10_16:43:18
16,423,649,24426,2025-12-10_16:43:20
17,420,649,25347,2025-12-10_16:43:22
17,425,649,23634,2025-12-10_16:43:23
17,419,649,25038,2025-12-10_16:43:24
17,425,650,23954,2025-12-10_16:43:25
18,420,650,25016,2025-12-10_16:43:28
19,371,596,18963,2025-12-10_16:43:28
19,366,620,16770,2025-12-10_16:43:29
20,513,614,16459,2025-12-10_16:43:29
19,358,631,17157,2025-12-10_16:43:29
20,499,624,16218,2025-12-10_16:43:29
19,352,639,16884,2025-12-10_16:43:29
19,375,669,17544,2025-12-10_16:43:29
20,519,658,16430,2025-12-10_16:43:29
20,485,700,19758,2025-12-10_16:43:30
4,436,699,31080,2025-12-10_16:43:30
19,354,706,14157,2025-12-10_16:43:30
21,109,196,31755,2025-12-10_16:43:30
4,427,711,28032,2025-12-10_16:43:30
20,484,710,16826,2025-12-10_16:43:30
19,359,715,15402,2025-12-10_16:43:30
22,107,189,27984,2025-12-10_16:43:32
23,407,690,20907,2025-12-10_16:43:32
24,435,689,14476,2025-12-10_16:43:32
25,368,691,30555,2025-12-10_16:43:32
26,297,701,15820,2025-12-10_16:43:32
26,284,686,15295,2025-12-10_16:43:32
25,381,672,23735,2025-12-10_16:43:32
24,423,673,13800,2025-12-10_16:43:32
23,359,678,36952,2025-12-10_16:43:32
24,426,656,15984,2025-12-10_16:43:33
26,281,668,14375,2025-12-10_16:43:33
24,436,632,17640,2025-12-10_16:43:33
26,288,643,16500,2025-12-10_16:43:33
26,285,634,16864,2025-12-10_16:43:33
24,433,624,18126,2025-12-10_16:43:33
24,437,619,17595,2025-12-10_16:43:33
26,296,631,17028,2025-12-10_16:43:34
24,442,619,16170,2025-12-10_16:43:34
24,435,612,18582,2025-12-10_16:43:35
26,289,622,16891,2025-12-10_16:43:35
26,266,604,16640,2025-12-10_16:43:35
24,410,594,17442,2025-12-10_16:43:35
27,362,596,32893,2025-12-10_16:43:35
27,385,572,16422,2025-12-10_16:43:35
26,238,586,17292,2025-12-10_16:43:35
26,227,582,16632,2025-12-10_16:43:35
27,374,567,15656,2025-12-10_16:43:35
26,220,578,17526,2025-12-10_16:43:36
27,369,563,16112,2025-12-10_16:43:36
26,208,565,16125,2025-12-10_16:43:36
27,351,554,16112,2025-12-10_16:43:36
26,188,556,15827,2025-12-10_16:43:36
27,338,541,15184,2025-12-10_16:43:36
26,171,546,18216,2025-12-10_16:43:36
27,312,530,16677,2025-12-10_16:43:36
26,165,542,17157,2025-12-10_16:43:36
27,307,528,16050,2025-12-10_16:43:36
26,155,542,16492,2025-12-10_16:43:36
27,299,526,16170,2025-12-10_16:43:37
26,142,534,15125,2025-12-10_16:43:37
27,287,522,16632,2025-12-10_16:43:37
26,137,527,15860,2025-12-10_16:43:37
27,282,518,16371,2025-12-10_16:43:37
26,142,535,15128,2025-12-10_16:43:37
26,160,544,18906,2025-12-10_16:43:37
27,303,533,15696,2025-12-10_16:43:37
28,260,536,29541,2025-12-10_16:43:37
28,276,570,20482,2025-12-10_16:43:38
27,325,570,34974,2025-12-10_16:43:38
29,412,556,15190,2025-12-10_16:43:38
30,388,556,22363,2025-12-10_16:43:38
30,370,621,18304,2025-12-10_16:43:38
29,447,611,37750,2025-12-10_16:43:38
31,514,603,15708,2025-12-10_16:43:38
29,442,641,18221,2025-12-10_16:43:38
32,584,625,15049,2025-12-10_16:43:38
29,463,651,15500,2025-12-10_16:43:38
32,610,635,15038,2025-12-10_16:43:38
29,469,701,15744,2025-12-10_16:43:38
32,614,693,15150,2025-12-10_16:43:38
33,580,695,25080,2025-12-10_16:43:38
33,585,694,23408,2025-12-10_16:43:39
33,565,696,28728,2025-12-10_16:43:39
32,640,709,15000,2025-12-10_16:43:39
33,584,712,27560,2025-12-10_16:43:39
29,501,714,13974,2025-12-10_16:43:39
34,105,195,30173,2025-12-10_16:43:39
32,635,715,17298,2025-12-10_16:43:39
34,105,188,26334,2025-12-10_16:43:39
29,517,719,13340,2025-12-10_16:43:39
32,652,708,16328,2025-12-10_16:43:39
29,516,712,14124,2025-12-10_16:43:39
33,593,709,33330,2025-12-10_16:43:39
34,105,209,35659,2025-12-10_16:43:39
35,555,712,22896,2025-12-10_16:43:39
33,586,710,31968,2025-12-10_16:43:39
32,651,644,16224,2025-12-10_16:43:40
29,500,660,16002,2025-12-10_16:43:40
29,502,642,16128,2025-12-10_16:43:40
32,651,628,16895,2025-12-10_16:43:40
29,520,628,16768,2025-12-10_16:43:40
32,661,611,14949,2025-12-10_16:43:40
29,526,623,16512,2025-12-10_16:43:40
32,667,607,15402,2025-12-10_16:43:40
32,672,606,15300,2025-12-10_16:43:40
29,534,619,16506,2025-12-10_16:43:41
32,678,604,15038,2025-12-10_16:43:41
29,536,604,16256,2025-12-10_16:43:41
32,682,590,15198,2025-12-10_16:43:41
29,535,597,16764,2025-12-10_16:43:41
32,682,582,15855,2025-12-10_16:43:41
32,687,577,15794,2025-12-10_16:43:41
29,542,587,16244,2025-12-10_16:43:41
29,545,580,16510,2025-12-10_16:43:41
32,687,567,15300,2025-12-10_16:43:41
29,544,575,15498,2025-12-10_16:43:41
32,687,561,15704,2025-12-10_16:43:41
29,546,569,15750,2025-12-10_16:43:42
32,688,556,15656,2025-12-10_16:43:42
29,545,562,16758,2025-12-10_16:43:42
29,552,558,17420,2025-12-10_16:43:42
32,694,545,15100,2025-12-10_16:43:42
29,553,550,17286,2025-12-10_16:43:42
32,695,539,14751,2025-12-10_16:43:42
29,552,539,16120,2025-12-10_16:43:42
32,693,525,15100,2025-12-10_16:43:42
29,547,537,15875,2025-12-10_16:43:43
32,690,530,16006,2025-12-10_16:43:43
29,551,540,16740,2025-12-10_16:43:43
32,653,534,31875,2025-12-10_16:44:31
29,570,543,19448,2025-12-10_16:44:31
36,710,533,14976,2025-12-10_16:44:31
29,595,545,17157,2025-12-10_16:44:31
36,739,534,15729,2025-12-10_16:44:31
29,612,547,17556,2025-12-10_16:44:32
36,752,536,16585,2025-12-10_16:44:32
29,617,550,17028,2025-12-10_16:45:14
36,758,541,15606,2025-12-10_16:45:14
36,785,543,15582,2025-12-10_16:45:14
29,639,553,15990,2025-12-10_16:45:14
29,681,561,17272,2025-12-10_16:45:14
36,825,554,15704,2025-12-10_16:45:14
29,680,569,16640,2025-12-10_16:45:20
36,822,559,15912,2025-12-10_16:45:20
29,679,563,17550,2025-12-10_16:45:20
29,685,562,16764,2025-12-10_16:45:23
36,827,553,15606,2025-12-10_16:45:23
29,694,581,17280,2025-12-10_16:45:23
36,839,572,15100,2025-12-10_16:45:23
29,688,567,15867,2025-12-10_16:45:26
36,834,560,15400,2025-12-10_16:45:26
36,845,575,14798,2025-12-10_16:45:26
29,700,588,17152,2025-12-10_16:45:26
29,700,593,17290,2025-12-10_16:45:27
36,844,581,15645,2025-12-10_16:45:27
36,844,576,14751,2025-12-10_16:45:28
29,701,588,16384,2025-12-10_16:45:28
29,698,584,16256,2025-12-10_16:45:28
29,687,575,15872,2025-12-10_16:45:28
36,831,568,16786,2025-12-10_16:45:28
29,670,565,16758,2025-12-10_16:45:28
36,813,559,14406,2025-12-10_16:45:28
37,793,558,21131,2025-12-10_16:45:28
29,672,576,16380,2025-12-10_16:45:29
36,816,572,15141,2025-12-10_16:45:29
29,670,586,16002,2025-12-10_16:45:29
36,817,577,15300,2025-12-10_16:45:29
36,812,574,14602,2025-12-10_16:45:31
29,650,572,15120,2025-12-10_16:45:31
36,789,568,15048,2025-12-10_16:45:31
36,774,556,19264,2025-12-10_16:45:31
29,633,564,18669,2025-12-10_16:45:31
38,720,556,34648,2025-12-10_16:45:31
29,639,567,16128,2025-12-10_16:45:32
36,784,559,15943,2025-12-10_16:45:32
38,762,558,23716,2025-12-10_16:45:33
38,756,558,25410,2025-12-10_16:45:33
38,762,558,24156,2025-12-10_16:45:33
39,765,558,22920,2025-12-10_16:45:37
29,613,558,18590,2025-12-10_16:45:37
39,752,549,15862,2025-12-10_16:45:37
40,685,554,38528,2025-12-10_16:45:37
29,613,570,16506,2025-12-10_16:45:37
39,755,563,16264,2025-12-10_16:45:37
29,614,564,16768,2025-12-10_16:45:38
39,756,557,16430,2025-12-10_16:45:38
29,615,558,16768,2025-12-10_16:45:38
0,614,557,16512,2025-12-10_17:00:09
1,758,556,15808,2025-12-10_17:00:09
0,479,529,15180,2026-05-14_16:09:04
1,459,453,14820,2026-05-14_16:09:32
2,741,531,12744,2026-05-14_16:09:32
1,454,445,15132,2026-05-14_16:09:32
2,736,523,13420,2026-05-14_16:09:32
3,522,447,30200,2026-05-14_16:09:38
4,736,522,13310,2026-05-14_16:09:38
5,429,376,16320,2026-05-14_16:09:39
5,412,349,17876,2026-05-14_16:09:39
5,411,320,16533,2026-05-14_16:09:40
5,351,296,15698,2026-05-14_16:09:40
6,274,304,14694,2026-05-14_16:09:40
7,379,590,16564,2026-05-14_16:09:41
7,375,573,14400,2026-05-14_16:09:41
7,347,534,14742,2026-05-14_16:09:41
7,322,529,14536,2026-05-14_16:09:41
7,309,530,15015,2026-05-14_16:09:42
8,583,638,14756,2026-05-14_16:09:42
7,307,559,15159,2026-05-14_16:09:42
9,340,718,13833,2026-05-14_16:09:42
9,357,715,13072,2026-05-14_16:09:42
9,379,709,14220,2026-05-14_16:09:42
9,388,707,13950,2026-05-14_16:09:43
9,394,706,14040,2026-05-14_16:09:43
9,401,703,13904,2026-05-14_16:09:43
9,435,697,13398,2026-05-14_16:09:43
9,456,694,13416,2026-05-14_16:09:43
9,473,691,13795,2026-05-14_16:09:44
9,478,690,13973,2026-05-14_16:09:44
9,490,687,13904,2026-05-14_16:09:45
9,513,687,14310,2026-05-14_16:09:45
9,504,704,13923,2026-05-14_16:09:45
9,485,677,14560,2026-05-14_16:09:46
10,350,517,16116,2026-05-14_16:09:46
10,307,465,14833,2026-05-14_16:09:46
11,577,587,15960,2026-05-14_16:09:46
10,302,464,15520,2026-05-14_16:09:47
10,275,520,15617,2026-05-14_16:09:48
11,545,625,15004,2026-05-14_16:09:48
10,309,562,14760,2026-05-14_16:09:48
10,330,598,15811,2026-05-14_16:09:48
10,325,591,14904,2026-05-14_16:09:48
10,337,602,14310,2026-05-14_16:09:48
10,341,627,15040,2026-05-14_16:09:49
12,613,716,11021,2026-05-14_16:09:49
10,340,634,14580,2026-05-14_16:09:50
10,343,644,15040,2026-05-14_16:09:50
10,347,657,15228,2026-05-14_16:09:50
10,370,669,14130,2026-05-14_16:09:50
10,360,657,14469,2026-05-14_16:09:51
13,639,732,6958,2026-05-14_16:09:51
10,357,640,14196,2026-05-14_16:09:51
10,348,617,15876,2026-05-14_16:09:51
10,347,606,15134,2026-05-14_16:09:52
10,342,592,14670,2026-05-14_16:09:52
10,336,580,15648,2026-05-14_16:09:53
13,607,680,13340,2026-05-14_16:09:53
10,333,572,14130,2026-05-14_16:09:53
10,333,567,14787,2026-05-14_16:09:54
13,606,668,13572,2026-05-14_16:09:54
10,320,579,15264,2026-05-14_16:09:54
10,315,578,15811,2026-05-14_16:09:55
14,274,465,14329,2026-05-14_16:09:58
14,229,448,15900,2026-05-14_16:09:58
14,186,443,16320,2026-05-14_16:09:59
14,156,441,15552,2026-05-14_16:09:59
15,422,558,15744,2026-05-14_16:09:59
15,424,546,13899,2026-05-14_16:09:59
14,156,435,14904,2026-05-14_16:10:02
14,151,427,16100,2026-05-14_16:10:03
15,417,534,13452,2026-05-14_16:10:03
14,165,457,15456,2026-05-14_16:10:03
15,435,578,15080,2026-05-14_16:10:03
14,168,465,15295,2026-05-14_16:10:03
15,437,586,14820,2026-05-14_16:10:03
14,143,477,16848,2026-05-14_16:10:03
15,415,596,15470,2026-05-14_16:10:03
14,141,482,16500,2026-05-14_16:10:04
15,411,606,15196,2026-05-14_16:10:04
14,130,494,15386,2026-05-14_16:10:04
15,400,613,14388,2026-05-14_16:10:04
14,121,499,14784,2026-05-14_16:10:04
15,390,615,15196,2026-05-14_16:10:04
16,188,477,15168,2026-05-14_16:10:04
17,461,594,14763,2026-05-14_16:10:04
16,236,467,14904,2026-05-14_16:10:05
17,505,587,14896,2026-05-14_16:10:05
16,250,460,15741,2026-05-14_16:10:05
17,525,580,13952,2026-05-14_16:10:05
16,264,456,15582,2026-05-14_16:10:05
17,537,577,13734,2026-05-14_16:10:05
16,269,453,15939,2026-05-14_16:10:06
17,542,575,14364,2026-05-14_16:10:06
17,547,575,14848,2026-05-14_16:10:06
16,280,454,15264,2026-05-14_16:10:06
17,555,575,14616,2026-05-14_16:10:06
16,289,452,14820,2026-05-14_16:10:07
17,561,574,15946,2026-05-14_16:10:07
16,305,448,14946,2026-05-14_16:10:07
17,577,572,15312,2026-05-14_16:10:07
16,310,449,15520,2026-05-14_16:10:07
17,583,568,15142,2026-05-14_16:10:07
16,300,407,16005,2026-05-14_16:10:08
17,570,508,13804,2026-05-14_16:10:08
17,571,517,13804,2026-05-14_16:10:08
17,570,511,13800,2026-05-14_16:10:08
17,565,513,14732,2026-05-14_16:10:09
16,303,411,15900,2026-05-14_16:10:11
18,567,509,14268,2026-05-14_16:10:14
18,572,512,13570,2026-05-14_16:10:14
19,311,477,15456,2026-05-14_16:10:15
19,304,446,15295,2026-05-14_16:10:15
18,575,546,14868,2026-05-14_16:10:15
16,286,423,17914,2026-05-14_16:10:15
16,269,384,16268,2026-05-14_16:10:15
20,452,727,12150,2026-05-14_16:10:17
21,386,726,25368,2026-05-14_16:10:17
20,443,724,14112,2026-05-14_16:10:17
20,448,724,12546,2026-05-14_16:10:18
22,621,732,10150,2026-05-14_16:10:19
20,468,735,8296,2026-05-14_16:10:20
20,441,735,9108,2026-05-14_16:10:21
21,402,661,31734,2026-05-14_16:10:21
23,459,658,16100,2026-05-14_16:10:21
24,331,683,13552,2026-05-14_16:10:21
25,377,673,28336,2026-05-14_16:10:21
23,471,619,16756,2026-05-14_16:10:21
24,336,649,13832,2026-05-14_16:10:21
21,441,625,25870,2026-05-14_16:10:22
23,468,613,15504,2026-05-14_16:10:22
24,333,644,13640,2026-05-14_16:10:22
23,469,595,17040,2026-05-14_16:10:22
24,336,625,14168,2026-05-14_16:10:22
21,426,601,27875,2026-05-14_16:10:22
25,377,617,26676,2026-05-14_16:10:22
25,353,618,20580,2026-05-14_16:10:23
23,473,599,16920,2026-05-14_16:10:23
24,338,632,13680,2026-05-14_16:10:23
21,453,609,23400,2026-05-14_16:10:24
25,353,624,19950,2026-05-14_16:10:24
21,440,610,26390,2026-05-14_16:10:26
21,451,609,24180,2026-05-14_16:10:26
21,432,608,28951,2026-05-14_16:10:26
25,358,625,20291,2026-05-14_16:10:26
23,474,604,16124,2026-05-14_16:10:26
21,439,608,27248,2026-05-14_16:10:26
21,444,608,25542,2026-05-14_16:10:27
21,430,609,29606,2026-05-14_16:10:27
21,452,608,23711,2026-05-14_16:10:27
21,441,610,26593,2026-05-14_16:10:28
21,436,609,27864,2026-05-14_16:10:28
21,427,609,30856,2026-05-14_16:10:28
21,441,610,26664,2026-05-14_16:10:29
23,472,610,16920,2026-05-14_16:10:29
21,436,611,27690,2026-05-14_16:10:29
23,473,605,16330,2026-05-14_16:10:29
21,417,610,33020,2026-05-14_16:10:29
21,437,610,27950,2026-05-14_16:10:30
21,427,609,30130,2026-05-14_16:10:30
21,452,609,23530,2026-05-14_16:10:31
21,444,609,25542,2026-05-14_16:10:31
21,426,610,30186,2026-05-14_16:10:33
21,454,608,22575,2026-05-14_16:10:33
21,440,609,26910,2026-05-14_16:10:33
21,449,609,24310,2026-05-14_16:10:34
21,443,609,25807,2026-05-14_16:10:34
21,425,610,30702,2026-05-14_16:10:34
21,442,609,25870,2026-05-14_16:10:34
21,423,611,30336,2026-05-14_16:10:35
21,430,609,28321,2026-05-14_16:10:35
21,448,608,24510,2026-05-14_16:10:35
21,427,611,29952,2026-05-14_16:10:35
21,433,610,27904,2026-05-14_16:10:36
21,449,608,24123,2026-05-14_16:10:36
21,426,610,29568,2026-05-14_16:10:36
21,452,608,23478,2026-05-14_16:10:36
21,427,610,29464,2026-05-14_16:10:36
21,444,609,25480,2026-05-14_16:10:37
21,449,609,24252,2026-05-14_16:10:37
21,444,609,25350,2026-05-14_16:10:37
21,426,611,29232,2026-05-14_16:10:37
21,445,607,26069,2026-05-14_16:10:38
21,438,609,27852,2026-05-14_16:10:38
21,425,610,31416,2026-05-14_16:10:38
21,438,609,27641,2026-05-14_16:10:38
21,446,609,26069,2026-05-14_16:10:38
21,432,609,29606,2026-05-14_16:10:39
21,424,609,31720,2026-05-14_16:10:39
21,450,608,24759,2026-05-14_16:10:40
21,441,609,26187,2026-05-14_16:10:40
21,451,609,23736,2026-05-14_16:10:40
21,432,609,28638,2026-05-14_16:10:40
21,425,611,30444,2026-05-14_16:10:41
21,438,609,27170,2026-05-14_16:10:41
21,423,610,30464,2026-05-14_16:10:41
21,439,609,26650,2026-05-14_16:10:41
21,430,609,29025,2026-05-14_16:10:42
21,453,609,23400,2026-05-14_16:10:42
21,438,609,27300,2026-05-14_16:10:42
21,444,608,25807,2026-05-14_16:10:42
21,453,608,23140,2026-05-14_16:10:43
21,446,608,25283,2026-05-14_16:10:43
21,440,609,26910,2026-05-14_16:10:44
21,423,611,30976,2026-05-14_16:10:44
21,443,609,25870,2026-05-14_16:10:44
21,448,609,24700,2026-05-14_16:10:44
21,424,609,30573,2026-05-14_16:10:45
21,445,609,25220,2026-05-14_16:10:45
21,439,609,27040,2026-05-14_16:10:45
21,444,609,25740,2026-05-14_16:10:45
21,450,609,24440,2026-05-14_16:10:45
21,445,609,25740,2026-05-14_16:10:46
21,435,608,27735,2026-05-14_16:10:46
21,442,609,25929,2026-05-14_16:10:46
21,429,610,28800,2026-05-14_16:10:47
21,447,609,25090,2026-05-14_16:10:47
23,472,610,17040,2026-05-14_16:10:48
21,412,611,33664,2026-05-14_16:10:48
23,475,606,15960,2026-05-14_16:10:48
23,485,603,17255,2026-05-14_16:10:48
21,440,605,28914,2026-05-14_16:10:48
24,355,632,14570,2026-05-14_16:10:48
21,457,613,16731,2026-05-14_16:10:49
23,429,619,26260,2026-05-14_16:10:49
21,492,598,34809,2026-05-14_16:10:49
26,548,597,20160,2026-05-14_16:10:49
21,513,598,32880,2026-05-14_16:10:49
23,441,619,19844,2026-05-14_16:10:49
24,384,624,37440,2026-05-14_16:10:49
23,431,622,16445,2026-05-14_16:10:50
24,373,627,32250,2026-05-14_16:10:50
27,238,644,28426,2026-05-14_16:10:50
28,279,642,17464,2026-05-14_16:10:50
27,215,646,33184,2026-05-14_16:10:50
28,304,637,18150,2026-05-14_16:10:50
27,241,643,36378,2026-05-14_16:10:50
28,308,630,35910,2026-05-14_16:10:51
27,268,630,33147,2026-05-14_16:10:51
28,324,628,19000,2026-05-14_16:10:51
27,256,632,17160,2026-05-14_16:10:51
29,213,633,28290,2026-05-14_16:10:51
30,125,653,14938,2026-05-14_16:10:51
30,143,634,17568,2026-05-14_16:10:51
31,109,636,27904,2026-05-14_16:10:51
32,39,632,11771,2026-05-14_16:10:52
32,63,643,15367,2026-05-14_16:10:52
27,243,651,34417,2026-05-14_16:10:52
28,305,651,18000,2026-05-14_16:10:52
24,371,655,21472,2026-05-14_16:10:52
24,419,657,26230,2026-05-14_16:10:52
33,453,656,16756,2026-05-14_16:10:52
33,465,655,15640,2026-05-14_16:10:53
33,486,659,18081,2026-05-14_16:10:53
34,655,660,18056,2026-05-14_16:10:53
34,703,658,16958,2026-05-14_16:10:54
34,760,658,17958,2026-05-14_16:10:55
35,834,555,17040,2026-05-14_16:10:55
36,697,581,13104,2026-05-14_16:10:55
35,869,561,17500,2026-05-14_16:10:56
36,732,584,13552,2026-05-14_16:10:56
35,863,561,18125,2026-05-14_16:10:56
36,727,585,14570,2026-05-14_16:10:56
35,852,565,18125,2026-05-14_16:10:56
36,715,590,13410,2026-05-14_16:10:56
37,793,566,35772,2026-05-14_16:10:56
35,836,567,17324,2026-05-14_16:10:56
36,701,591,13795,2026-05-14_16:10:56
35,816,581,16936,2026-05-14_16:10:56
37,794,585,24676,2026-05-14_16:10:56
38,671,447,862206,2026-05-14_16:10:56
35,818,600,18774,2026-05-14_16:10:57
37,763,602,35778,2026-05-14_16:10:57
36,683,625,13680,2026-05-14_16:10:57
35,829,608,18250,2026-05-14_16:10:57
36,691,638,14287,2026-05-14_16:10:57
37,793,614,17346,2026-05-14_16:10:57
36,659,642,13950,2026-05-14_16:10:57
35,838,616,17280,2026-05-14_16:10:57
35,879,618,17640,2026-05-14_16:10:57
37,830,622,31360,2026-05-14_16:10:57
35,918,612,18104,2026-05-14_16:10:58
37,887,616,29512,2026-05-14_16:10:58
39,779,641,13832,2026-05-14_16:10:58
35,966,623,14688,2026-05-14_16:10:58
40,1104,602,18396,2026-05-14_16:10:58
40,1038,617,18352,2026-05-14_16:10:58
37,899,642,14062,2026-05-14_16:10:58
39,834,643,29610,2026-05-14_16:10:58
37,876,642,18450,2026-05-14_16:10:58
39,784,645,18375,2026-05-14_16:10:58
36,644,670,12876,2026-05-14_16:10:58
39,814,646,18204,2026-05-14_16:10:59
41,780,647,28638,2026-05-14_16:10:59
35,936,652,17424,2026-05-14_16:10:59
39,799,675,13072,2026-05-14_16:10:59
35,986,655,17856,2026-05-14_16:10:59
37,847,675,12876,2026-05-14_16:10:59
35,993,656,18104,2026-05-14_16:10:59
37,853,676,13072,2026-05-14_16:10:59
35,957,661,19050,2026-05-14_16:11:00
39,821,682,13376,2026-05-14_16:11:00
42,922,661,30058,2026-05-14_16:11:00
35,980,648,17568,2026-05-14_16:11:00
42,939,651,28728,2026-05-14_16:11:00
37,846,668,13083,2026-05-14_16:11:00
42,921,603,17255,2026-05-14_16:11:00
43,894,605,24321,2026-05-14_16:11:00
43,890,585,18450,2026-05-14_16:11:00
41,753,609,13795,2026-05-14_16:11:00
43,896,588,18150,2026-05-14_16:11:01
41,761,611,13923,2026-05-14_16:11:01
43,907,591,18625,2026-05-14_16:11:01
42,914,598,18048,2026-05-14_16:11:01
41,776,620,13013,2026-05-14_16:11:01
43,880,598,29078,2026-05-14_16:11:01
42,915,591,18625,2026-05-14_16:11:01
43,856,595,37260,2026-05-14_16:11:01
42,888,594,18774,2026-05-14_16:11:02
43,821,594,39420,2026-05-14_16:11:02
41,751,615,14896,2026-05-14_16:11:02
42,856,613,17568,2026-05-14_16:11:02
41,714,636,13857,2026-05-14_16:11:02
42,896,617,18750,2026-05-14_16:11:02
41,761,643,13311,2026-05-14_16:11:02
35,956,627,18476,2026-05-14_16:11:03
37,818,652,14006,2026-05-14_16:11:03
42,904,649,13528,2026-05-14_16:11:03
44,1042,620,17464,2026-05-14_16:11:03
41,767,639,17812,2026-05-14_16:11:04
45,732,642,27051,2026-05-14_16:11:04
46,634,665,13884,2026-05-14_16:11:04
35,926,625,14076,2026-05-14_16:11:04
35,970,612,18270,2026-05-14_16:11:04
37,834,640,13617,2026-05-14_16:11:04
35,932,618,18396,2026-05-14_16:11:05
41,796,645,13795,2026-05-14_16:11:05
35,943,614,16898,2026-05-14_16:11:05
42,916,620,24448,2026-05-14_16:11:05
41,810,642,13832,2026-05-14_16:11:05
0,291,199,15908,2026-05-14_16:23:55
1,739,242,20124,2026-05-14_16:23:55
